SITE_ID,VEG_CLASS,latitude,longitude
ABBY,Evergreen Forest|Grassland/Herbaceous|Shrub/Scrub,45.762439,-122.33032
ARIK,Emergent Herbaceous Wetlands|Grassland/Herbaceous|Woody Wetlands,39.758206,-102.44715
BARC,Shrub/Scrub,29.675982,-82.008414
BARR,Emergent Herbaceous Wetlands,71.28241,-156.61936
BART,Deciduous Forest|Evergreen Forest|Mixed Forest,44.063889,-71.287375
BIGC,Evergreen Forest,37.059719,-119.25755
BLAN,Deciduous Forest|Pasture/Hay,39.033698,-78.041788
BLDE,Emergent Herbaceous Wetlands|Shrub/Scrub,44.95011,-110.58715
BLUE,Grassland/Herbaceous|Pasture/Hay,34.444218,-96.624201
BLWA,Woody Wetlands,32.541529,-87.798151
BONA,Deciduous Forest|Evergreen Forest|Mixed Forest|Woody Wetlands,65.15401,-147.50258
CARI,Woody Wetlands,65.153224,-147.50397
CLBJ,Deciduous Forest|Grassland/Herbaceous,33.40123,-97.57
COMO,Shrub/Scrub,40.034962,-105.54416
CPER,Grassland/Herbaceous,40.815536,-104.74559000000001
CRAM,Woody Wetlands,46.209675,-89.473688
CUPE,Evergreen Forest,18.11352,-66.98676
DCFS,Grassland/Herbaceous,47.16165,-99.10656
DEJU,Evergreen Forest|Shrub/Scrub|Woody Wetlands,63.88112,-145.75136
DELA,Evergreen Forest|Woody Wetlands,32.541727,-87.803877
DSNY,Pasture/Hay|Woody Wetlands,28.12505,-81.43619
FLNT,Mixed Forest,31.185424,-84.437403
GRSM,Deciduous Forest|Evergreen Forest,35.68896,-83.50195
GUAN,Evergreen Forest,17.96955,-66.8687
GUIL,Evergreen Forest|Grassland/Herbaceous,18.17406,-66.79868
HARV,Deciduous Forest|Evergreen Forest|Mixed Forest|Woody Wetlands,42.53691,-72.17265
HEAL,Dwarf Scrub|Evergreen Forest|Shrub/Scrub,63.875798,-149.21335
HOPB,Evergreen Forest|Mixed Forest,42.471941,-72.329526
JERC,Cultivated Crops|Deciduous Forest|Evergreen Forest|Mixed Forest,31.194839,-84.468623
JORN,Shrub/Scrub,32.590694,-106.84254
KING,Deciduous Forest,39.105061,-96.603829
KONA,Cultivated Crops,39.110446,-96.612935
KONZ,Deciduous Forest|Grassland/Herbaceous,39.100774,-96.563075
LAJA,Cultivated Crops|Grassland/Herbaceous|Pasture/Hay,18.021261,-67.076889
LECO,Deciduous Forest,35.690428,-83.50379
LENO,Deciduous Forest|Woody Wetlands,31.853861,-88.161181
LEWI,Deciduous Forest,39.095637,-77.983216
LIRO,Deciduous Forest|Mixed Forest,45.998269,-89.704767
MART,Evergreen Forest,45.790835,-121.93379
MAYF,Deciduous Forest|Mixed Forest,32.960365,-87.407688
MCDI,Cultivated Crops|Grassland/Herbaceous,38.945861,-96.443022
MCRA,Evergreen Forest,44.259598,-122.16555
MLBS,Deciduous Forest,37.378314,-80.524847
MOAB,Evergreen Forest|Shrub/Scrub,38.248283,-109.38827
NIWO,Evergreen Forest|Grassland/Herbaceous,40.05425,-105.58237
NOGP,Grassland/Herbaceous,46.76972,-100.91535
OAES,Grassland/Herbaceous|Shrub/Scrub,35.410599,-99.058779
OKSR,Shrub/Scrub,68.669753,-149.14302
ONAQ,Evergreen Forest|Shrub/Scrub,40.177599,-112.45245
ORNL,Deciduous Forest|Evergreen Forest|Pasture/Hay,35.964128,-84.282588
OSBS,Emergent Herbaceous Wetlands|Evergreen Forest|Woody Wetlands,29.689282,-81.993431
POSE,Deciduous Forest,38.89431,-78.147258
PRIN,Deciduous Forest|Grassland/Herbaceous,33.378517,-97.782312
PRLA,Grassland/Herbaceous,47.15909,-99.11388
PRPO,Grassland/Herbaceous,47.129839,-99.253147
PUUM,Evergreen Forest,19.55309,-155.31731
REDB,Deciduous Forest,40.783934,-111.79789
RMNP,Evergreen Forest,40.275903,-105.54596
SCBI,Deciduous Forest|Evergreen Forest|Pasture/Hay,38.892925,-78.139494
SERC,Cultivated Crops|Deciduous Forest,38.890131,-76.560014
SJER,Evergreen Forest|Grassland/Herbaceous|Shrub/Scrub,37.10878,-119.73228
SOAP,Evergreen Forest|Shrub/Scrub,37.03337,-119.26219
SRER,Shrub/Scrub,31.91068,-110.83549
STEI,Deciduous Forest|Mixed Forest|Woody Wetlands,45.50894,-89.58637
STER,Cultivated Crops,40.461894,-103.02929
SUGG,Evergreen Forest|Woody Wetlands,29.68778,-82.017745
SYCA,Shrub/Scrub,33.750993,-111.50809
TALL,Deciduous Forest|Evergreen Forest|Mixed Forest,32.95047,-87.393259
TEAK,Evergreen Forest|Shrub/Scrub,37.00583,-119.00602
TECR,Evergreen Forest,36.955931,-119.02736
TOMB,Mixed Forest,31.853431,-88.158872
TOOK,Dwarf Scrub,68.630692,-149.61064
TOOL,Dwarf Scrub|Shrub/Scrub,68.66109,-149.37047
TREE,Deciduous Forest|Evergreen Forest|Mixed Forest|Woody Wetlands,45.49369,-89.58571
UKFS,Deciduous Forest|Pasture/Hay,39.040431,-95.19215
UNDE,Deciduous Forest|Mixed Forest|Woody Wetlands,46.23391,-89.537254
WALK,Deciduous Forest,35.957378,-84.279251
WLOU,Evergreen Forest,39.891366,-105.9154
WOOD,Emergent Herbaceous Wetlands|Grassland/Herbaceous,47.1282,-99.241334
WREF,Evergreen Forest,45.82049,-121.95191
YELL,Evergreen Forest|Grassland/Herbaceous|Shrub/Scrub,44.95348,-110.53914
