SITEID_amf,SITEID_neon
PR-xGU,GUAN
PR-xLA,LAJA
US-xAB,ABBY
US-xAE,OAES
US-xBA,BARR
US-xBL,BLAN
US-xBN,BONA
US-xBR,BART
US-xCL,CLBJ
US-xCP,CPER
US-xDC,DCFS
US-xDJ,DEJU
US-xDL,DELA
US-xDS,DSNY
US-xGR,GRSM
US-xHA,HARV
US-xHE,HEAL
US-xJE,JERC
US-xJR,JORN
US-xKA,KONA
US-xKZ,KONZ
US-xLE,LENO
US-xMB,MOAB
US-xML,MLBS
US-xNG,NOGP
US-xNQ,ONAQ
US-xNW,NIWO
US-xPU,PUUM
US-xRM,RMNP
US-xRN,ORNL
US-xSB,OSBS
US-xSC,SCBI
US-xSE,SERC
US-xSJ,SJER
US-xSL,STER
US-xSP,SOAP
US-xSR,SRER
US-xST,STEI
US-xTA,TALL
US-xTE,TEAK
US-xTL,TOOL
US-xTR,TREE
US-xUK,UKFS
US-xUN,UNDE
US-xWD,WOOD
US-xWR,WREF
US-xYE,YELL
